{"Version":1,"ManifestType":"Publish","Endpoints":[{"Route":"assets/favicon-CemmBmdD.guclpjfue9.png","AssetFile":"assets/favicon-CemmBmdD.png","Selectors":[],"ResponseHeaders":[{"Name":"Accept-Ranges","Value":"bytes"},{"Name":"Cache-Control","Value":"max-age=31536000, immutable"},{"Name":"Content-Length","Value":"7342"},{"Name":"Content-Type","Value":"image/png"},{"Name":"ETag","Value":"\"uHYmGY5dHzGyLyAX/Y2myuZsZGeDi814c5iKHWkUVdc=\""},{"Name":"Last-Modified","Value":"Sat, 29 Nov 2025 11:51:06 GMT"}],"EndpointProperties":[{"Name":"fingerprint","Value":"guclpjfue9"},{"Name":"integrity","Value":"sha256-uHYmGY5dHzGyLyAX/Y2myuZsZGeDi814c5iKHWkUVdc="},{"Name":"label","Value":"assets/favicon-CemmBmdD.png"}]},{"Route":"assets/favicon-CemmBmdD.png","AssetFile":"assets/favicon-CemmBmdD.png","Selectors":[],"ResponseHeaders":[{"Name":"Accept-Ranges","Value":"bytes"},{"Name":"Cache-Control","Value":"no-cache"},{"Name":"Content-Length","Value":"7342"},{"Name":"Content-Type","Value":"image/png"},{"Name":"ETag","Value":"\"uHYmGY5dHzGyLyAX/Y2myuZsZGeDi814c5iKHWkUVdc=\""},{"Name":"Last-Modified","Value":"Sat, 29 Nov 2025 11:51:06 GMT"}],"EndpointProperties":[{"Name":"integrity","Value":"sha256-uHYmGY5dHzGyLyAX/Y2myuZsZGeDi814c5iKHWkUVdc="}]},{"Route":"assets/favicon.guclpjfue9.png","AssetFile":"assets/favicon.png","Selectors":[],"ResponseHeaders":[{"Name":"Accept-Ranges","Value":"bytes"},{"Name":"Cache-Control","Value":"max-age=31536000, immutable"},{"Name":"Content-Length","Value":"7342"},{"Name":"Content-Type","Value":"image/png"},{"Name":"ETag","Value":"\"uHYmGY5dHzGyLyAX/Y2myuZsZGeDi814c5iKHWkUVdc=\""},{"Name":"Last-Modified","Value":"Thu, 20 Nov 2025 10:44:30 GMT"}],"EndpointProperties":[{"Name":"fingerprint","Value":"guclpjfue9"},{"Name":"integrity","Value":"sha256-uHYmGY5dHzGyLyAX/Y2myuZsZGeDi814c5iKHWkUVdc="},{"Name":"label","Value":"assets/favicon.png"}]},{"Route":"assets/favicon.png","AssetFile":"assets/favicon.png","Selectors":[],"ResponseHeaders":[{"Name":"Accept-Ranges","Value":"bytes"},{"Name":"Cache-Control","Value":"no-cache"},{"Name":"Content-Length","Value":"7342"},{"Name":"Content-Type","Value":"image/png"},{"Name":"ETag","Value":"\"uHYmGY5dHzGyLyAX/Y2myuZsZGeDi814c5iKHWkUVdc=\""},{"Name":"Last-Modified","Value":"Thu, 20 Nov 2025 10:44:30 GMT"}],"EndpointProperties":[{"Name":"integrity","Value":"sha256-uHYmGY5dHzGyLyAX/Y2myuZsZGeDi814c5iKHWkUVdc="}]},{"Route":"assets/index-BQU28hg5.css","AssetFile":"assets/index-BQU28hg5.css.gz","Selectors":[{"Name":"Content-Encoding","Value":"gzip","Quality":"0.000092816039"}],"ResponseHeaders":[{"Name":"Accept-Ranges","Value":"bytes"},{"Name":"Cache-Control","Value":"no-cache"},{"Name":"Content-Encoding","Value":"gzip"},{"Name":"Content-Length","Value":"10773"},{"Name":"Content-Type","Value":"text/css"},{"Name":"ETag","Value":"\"biOlhhTQLgpIRJ0YBYAGQYJXZ4I4lEt6fF0m+gglipc=\""},{"Name":"ETag","Value":"W/\"vkZ3I7mxWJHaOgEB1uXyBRoO13UoiaA1/nCfV/oDBFU=\""},{"Name":"Last-Modified","Value":"Sat, 29 Nov 2025 11:51:33 GMT"},{"Name":"Vary","Value":"Content-Encoding"}],"EndpointProperties":[{"Name":"integrity","Value":"sha256-vkZ3I7mxWJHaOgEB1uXyBRoO13UoiaA1/nCfV/oDBFU="}]},{"Route":"assets/index-BQU28hg5.css","AssetFile":"assets/index-BQU28hg5.css.br","Selectors":[{"Name":"Content-Encoding","Value":"br","Quality":"0.000115553501"}],"ResponseHeaders":[{"Name":"Accept-Ranges","Value":"bytes"},{"Name":"Cache-Control","Value":"no-cache"},{"Name":"Content-Encoding","Value":"br"},{"Name":"Content-Length","Value":"8653"},{"Name":"Content-Type","Value":"text/css"},{"Name":"ETag","Value":"\"tPY+xrX+UWL9drFySWVK4eL5xut/Yw2IB3Jdf87Hd+k=\""},{"Name":"ETag","Value":"W/\"vkZ3I7mxWJHaOgEB1uXyBRoO13UoiaA1/nCfV/oDBFU=\""},{"Name":"Last-Modified","Value":"Sat, 29 Nov 2025 11:51:34 GMT"},{"Name":"Vary","Value":"Content-Encoding"}],"EndpointProperties":[{"Name":"integrity","Value":"sha256-vkZ3I7mxWJHaOgEB1uXyBRoO13UoiaA1/nCfV/oDBFU="}]},{"Route":"assets/index-BQU28hg5.css","AssetFile":"assets/index-BQU28hg5.css","Selectors":[],"ResponseHeaders":[{"Name":"Accept-Ranges","Value":"bytes"},{"Name":"Cache-Control","Value":"no-cache"},{"Name":"Content-Length","Value":"58914"},{"Name":"Content-Type","Value":"text/css"},{"Name":"ETag","Value":"\"vkZ3I7mxWJHaOgEB1uXyBRoO13UoiaA1/nCfV/oDBFU=\""},{"Name":"Last-Modified","Value":"Sat, 29 Nov 2025 11:51:06 GMT"}],"EndpointProperties":[{"Name":"integrity","Value":"sha256-vkZ3I7mxWJHaOgEB1uXyBRoO13UoiaA1/nCfV/oDBFU="}]},{"Route":"assets/index-BQU28hg5.css.br","AssetFile":"assets/index-BQU28hg5.css.br","Selectors":[],"ResponseHeaders":[{"Name":"Accept-Ranges","Value":"bytes"},{"Name":"Cache-Control","Value":"no-cache"},{"Name":"Content-Encoding","Value":"br"},{"Name":"Content-Length","Value":"8653"},{"Name":"Content-Type","Value":"text/css"},{"Name":"ETag","Value":"\"tPY+xrX+UWL9drFySWVK4eL5xut/Yw2IB3Jdf87Hd+k=\""},{"Name":"Last-Modified","Value":"Sat, 29 Nov 2025 11:51:34 GMT"},{"Name":"Vary","Value":"Content-Encoding"}],"EndpointProperties":[{"Name":"integrity","Value":"sha256-tPY+xrX+UWL9drFySWVK4eL5xut/Yw2IB3Jdf87Hd+k="}]},{"Route":"assets/index-BQU28hg5.css.gz","AssetFile":"assets/index-BQU28hg5.css.gz","Selectors":[],"ResponseHeaders":[{"Name":"Accept-Ranges","Value":"bytes"},{"Name":"Cache-Control","Value":"no-cache"},{"Name":"Content-Encoding","Value":"gzip"},{"Name":"Content-Length","Value":"10773"},{"Name":"Content-Type","Value":"text/css"},{"Name":"ETag","Value":"\"biOlhhTQLgpIRJ0YBYAGQYJXZ4I4lEt6fF0m+gglipc=\""},{"Name":"Last-Modified","Value":"Sat, 29 Nov 2025 11:51:33 GMT"},{"Name":"Vary","Value":"Content-Encoding"}],"EndpointProperties":[{"Name":"integrity","Value":"sha256-biOlhhTQLgpIRJ0YBYAGQYJXZ4I4lEt6fF0m+gglipc="}]},{"Route":"assets/index-BQU28hg5.ygq9bosbm8.css","AssetFile":"assets/index-BQU28hg5.css.gz","Selectors":[{"Name":"Content-Encoding","Value":"gzip","Quality":"0.000092816039"}],"ResponseHeaders":[{"Name":"Accept-Ranges","Value":"bytes"},{"Name":"Cache-Control","Value":"max-age=31536000, immutable"},{"Name":"Content-Encoding","Value":"gzip"},{"Name":"Content-Length","Value":"10773"},{"Name":"Content-Type","Value":"text/css"},{"Name":"ETag","Value":"\"biOlhhTQLgpIRJ0YBYAGQYJXZ4I4lEt6fF0m+gglipc=\""},{"Name":"ETag","Value":"W/\"vkZ3I7mxWJHaOgEB1uXyBRoO13UoiaA1/nCfV/oDBFU=\""},{"Name":"Last-Modified","Value":"Sat, 29 Nov 2025 11:51:33 GMT"},{"Name":"Vary","Value":"Content-Encoding"}],"EndpointProperties":[{"Name":"fingerprint","Value":"ygq9bosbm8"},{"Name":"integrity","Value":"sha256-vkZ3I7mxWJHaOgEB1uXyBRoO13UoiaA1/nCfV/oDBFU="},{"Name":"label","Value":"assets/index-BQU28hg5.css"}]},{"Route":"assets/index-BQU28hg5.ygq9bosbm8.css","AssetFile":"assets/index-BQU28hg5.css.br","Selectors":[{"Name":"Content-Encoding","Value":"br","Quality":"0.000115553501"}],"ResponseHeaders":[{"Name":"Accept-Ranges","Value":"bytes"},{"Name":"Cache-Control","Value":"max-age=31536000, immutable"},{"Name":"Content-Encoding","Value":"br"},{"Name":"Content-Length","Value":"8653"},{"Name":"Content-Type","Value":"text/css"},{"Name":"ETag","Value":"\"tPY+xrX+UWL9drFySWVK4eL5xut/Yw2IB3Jdf87Hd+k=\""},{"Name":"ETag","Value":"W/\"vkZ3I7mxWJHaOgEB1uXyBRoO13UoiaA1/nCfV/oDBFU=\""},{"Name":"Last-Modified","Value":"Sat, 29 Nov 2025 11:51:34 GMT"},{"Name":"Vary","Value":"Content-Encoding"}],"EndpointProperties":[{"Name":"fingerprint","Value":"ygq9bosbm8"},{"Name":"integrity","Value":"sha256-vkZ3I7mxWJHaOgEB1uXyBRoO13UoiaA1/nCfV/oDBFU="},{"Name":"label","Value":"assets/index-BQU28hg5.css"}]},{"Route":"assets/index-BQU28hg5.ygq9bosbm8.css","AssetFile":"assets/index-BQU28hg5.css","Selectors":[],"ResponseHeaders":[{"Name":"Accept-Ranges","Value":"bytes"},{"Name":"Cache-Control","Value":"max-age=31536000, immutable"},{"Name":"Content-Length","Value":"58914"},{"Name":"Content-Type","Value":"text/css"},{"Name":"ETag","Value":"\"vkZ3I7mxWJHaOgEB1uXyBRoO13UoiaA1/nCfV/oDBFU=\""},{"Name":"Last-Modified","Value":"Sat, 29 Nov 2025 11:51:06 GMT"}],"EndpointProperties":[{"Name":"fingerprint","Value":"ygq9bosbm8"},{"Name":"integrity","Value":"sha256-vkZ3I7mxWJHaOgEB1uXyBRoO13UoiaA1/nCfV/oDBFU="},{"Name":"label","Value":"assets/index-BQU28hg5.css"}]},{"Route":"assets/index-BQU28hg5.ygq9bosbm8.css.br","AssetFile":"assets/index-BQU28hg5.css.br","Selectors":[],"ResponseHeaders":[{"Name":"Accept-Ranges","Value":"bytes"},{"Name":"Cache-Control","Value":"max-age=31536000, immutable"},{"Name":"Content-Encoding","Value":"br"},{"Name":"Content-Length","Value":"8653"},{"Name":"Content-Type","Value":"text/css"},{"Name":"ETag","Value":"\"tPY+xrX+UWL9drFySWVK4eL5xut/Yw2IB3Jdf87Hd+k=\""},{"Name":"Last-Modified","Value":"Sat, 29 Nov 2025 11:51:34 GMT"},{"Name":"Vary","Value":"Content-Encoding"}],"EndpointProperties":[{"Name":"fingerprint","Value":"ygq9bosbm8"},{"Name":"integrity","Value":"sha256-tPY+xrX+UWL9drFySWVK4eL5xut/Yw2IB3Jdf87Hd+k="},{"Name":"label","Value":"assets/index-BQU28hg5.css.br"}]},{"Route":"assets/index-BQU28hg5.ygq9bosbm8.css.gz","AssetFile":"assets/index-BQU28hg5.css.gz","Selectors":[],"ResponseHeaders":[{"Name":"Accept-Ranges","Value":"bytes"},{"Name":"Cache-Control","Value":"max-age=31536000, immutable"},{"Name":"Content-Encoding","Value":"gzip"},{"Name":"Content-Length","Value":"10773"},{"Name":"Content-Type","Value":"text/css"},{"Name":"ETag","Value":"\"biOlhhTQLgpIRJ0YBYAGQYJXZ4I4lEt6fF0m+gglipc=\""},{"Name":"Last-Modified","Value":"Sat, 29 Nov 2025 11:51:33 GMT"},{"Name":"Vary","Value":"Content-Encoding"}],"EndpointProperties":[{"Name":"fingerprint","Value":"ygq9bosbm8"},{"Name":"integrity","Value":"sha256-biOlhhTQLgpIRJ0YBYAGQYJXZ4I4lEt6fF0m+gglipc="},{"Name":"label","Value":"assets/index-BQU28hg5.css.gz"}]},{"Route":"assets/index-lJar0dFH.6bjami414c.js","AssetFile":"assets/index-lJar0dFH.js.gz","Selectors":[{"Name":"Content-Encoding","Value":"gzip","Quality":"0.000003595105"}],"ResponseHeaders":[{"Name":"Accept-Ranges","Value":"bytes"},{"Name":"Cache-Control","Value":"max-age=31536000, immutable"},{"Name":"Content-Encoding","Value":"gzip"},{"Name":"Content-Length","Value":"278155"},{"Name":"Content-Type","Value":"text/javascript"},{"Name":"ETag","Value":"\"CUfJ0DEv17gvO6V1NFtcxPf0GRXQy0hNjDRXiqZEe0U=\""},{"Name":"ETag","Value":"W/\"Ql4ZapR1jSlOQrjKsU1XrIoTBbh861e6EeEjktOnIpE=\""},{"Name":"Last-Modified","Value":"Sat, 29 Nov 2025 11:51:33 GMT"},{"Name":"Vary","Value":"Content-Encoding"}],"EndpointProperties":[{"Name":"fingerprint","Value":"6bjami414c"},{"Name":"integrity","Value":"sha256-Ql4ZapR1jSlOQrjKsU1XrIoTBbh861e6EeEjktOnIpE="},{"Name":"label","Value":"assets/index-lJar0dFH.js"}]},{"Route":"assets/index-lJar0dFH.6bjami414c.js","AssetFile":"assets/index-lJar0dFH.js.br","Selectors":[{"Name":"Content-Encoding","Value":"br","Quality":"0.000004444049"}],"ResponseHeaders":[{"Name":"Accept-Ranges","Value":"bytes"},{"Name":"Cache-Control","Value":"max-age=31536000, immutable"},{"Name":"Content-Encoding","Value":"br"},{"Name":"Content-Length","Value":"225019"},{"Name":"Content-Type","Value":"text/javascript"},{"Name":"ETag","Value":"\"UZ6bE4sLd4J55qu9TJTexSQtBIQFG1dc7hl666tiLWk=\""},{"Name":"ETag","Value":"W/\"Ql4ZapR1jSlOQrjKsU1XrIoTBbh861e6EeEjktOnIpE=\""},{"Name":"Last-Modified","Value":"Sat, 29 Nov 2025 11:51:35 GMT"},{"Name":"Vary","Value":"Content-Encoding"}],"EndpointProperties":[{"Name":"fingerprint","Value":"6bjami414c"},{"Name":"integrity","Value":"sha256-Ql4ZapR1jSlOQrjKsU1XrIoTBbh861e6EeEjktOnIpE="},{"Name":"label","Value":"assets/index-lJar0dFH.js"}]},{"Route":"assets/index-lJar0dFH.6bjami414c.js","AssetFile":"assets/index-lJar0dFH.js","Selectors":[],"ResponseHeaders":[{"Name":"Accept-Ranges","Value":"bytes"},{"Name":"Cache-Control","Value":"max-age=31536000, immutable"},{"Name":"Content-Length","Value":"1095629"},{"Name":"Content-Type","Value":"text/javascript"},{"Name":"ETag","Value":"\"Ql4ZapR1jSlOQrjKsU1XrIoTBbh861e6EeEjktOnIpE=\""},{"Name":"Last-Modified","Value":"Sat, 29 Nov 2025 11:51:06 GMT"}],"EndpointProperties":[{"Name":"fingerprint","Value":"6bjami414c"},{"Name":"integrity","Value":"sha256-Ql4ZapR1jSlOQrjKsU1XrIoTBbh861e6EeEjktOnIpE="},{"Name":"label","Value":"assets/index-lJar0dFH.js"}]},{"Route":"assets/index-lJar0dFH.6bjami414c.js.br","AssetFile":"assets/index-lJar0dFH.js.br","Selectors":[],"ResponseHeaders":[{"Name":"Accept-Ranges","Value":"bytes"},{"Name":"Cache-Control","Value":"max-age=31536000, immutable"},{"Name":"Content-Encoding","Value":"br"},{"Name":"Content-Length","Value":"225019"},{"Name":"Content-Type","Value":"text/javascript"},{"Name":"ETag","Value":"\"UZ6bE4sLd4J55qu9TJTexSQtBIQFG1dc7hl666tiLWk=\""},{"Name":"Last-Modified","Value":"Sat, 29 Nov 2025 11:51:35 GMT"},{"Name":"Vary","Value":"Content-Encoding"}],"EndpointProperties":[{"Name":"fingerprint","Value":"6bjami414c"},{"Name":"integrity","Value":"sha256-UZ6bE4sLd4J55qu9TJTexSQtBIQFG1dc7hl666tiLWk="},{"Name":"label","Value":"assets/index-lJar0dFH.js.br"}]},{"Route":"assets/index-lJar0dFH.6bjami414c.js.gz","AssetFile":"assets/index-lJar0dFH.js.gz","Selectors":[],"ResponseHeaders":[{"Name":"Accept-Ranges","Value":"bytes"},{"Name":"Cache-Control","Value":"max-age=31536000, immutable"},{"Name":"Content-Encoding","Value":"gzip"},{"Name":"Content-Length","Value":"278155"},{"Name":"Content-Type","Value":"text/javascript"},{"Name":"ETag","Value":"\"CUfJ0DEv17gvO6V1NFtcxPf0GRXQy0hNjDRXiqZEe0U=\""},{"Name":"Last-Modified","Value":"Sat, 29 Nov 2025 11:51:33 GMT"},{"Name":"Vary","Value":"Content-Encoding"}],"EndpointProperties":[{"Name":"fingerprint","Value":"6bjami414c"},{"Name":"integrity","Value":"sha256-CUfJ0DEv17gvO6V1NFtcxPf0GRXQy0hNjDRXiqZEe0U="},{"Name":"label","Value":"assets/index-lJar0dFH.js.gz"}]},{"Route":"assets/index-lJar0dFH.js","AssetFile":"assets/index-lJar0dFH.js.gz","Selectors":[{"Name":"Content-Encoding","Value":"gzip","Quality":"0.000003595105"}],"ResponseHeaders":[{"Name":"Accept-Ranges","Value":"bytes"},{"Name":"Cache-Control","Value":"no-cache"},{"Name":"Content-Encoding","Value":"gzip"},{"Name":"Content-Length","Value":"278155"},{"Name":"Content-Type","Value":"text/javascript"},{"Name":"ETag","Value":"\"CUfJ0DEv17gvO6V1NFtcxPf0GRXQy0hNjDRXiqZEe0U=\""},{"Name":"ETag","Value":"W/\"Ql4ZapR1jSlOQrjKsU1XrIoTBbh861e6EeEjktOnIpE=\""},{"Name":"Last-Modified","Value":"Sat, 29 Nov 2025 11:51:33 GMT"},{"Name":"Vary","Value":"Content-Encoding"}],"EndpointProperties":[{"Name":"integrity","Value":"sha256-Ql4ZapR1jSlOQrjKsU1XrIoTBbh861e6EeEjktOnIpE="}]},{"Route":"assets/index-lJar0dFH.js","AssetFile":"assets/index-lJar0dFH.js.br","Selectors":[{"Name":"Content-Encoding","Value":"br","Quality":"0.000004444049"}],"ResponseHeaders":[{"Name":"Accept-Ranges","Value":"bytes"},{"Name":"Cache-Control","Value":"no-cache"},{"Name":"Content-Encoding","Value":"br"},{"Name":"Content-Length","Value":"225019"},{"Name":"Content-Type","Value":"text/javascript"},{"Name":"ETag","Value":"\"UZ6bE4sLd4J55qu9TJTexSQtBIQFG1dc7hl666tiLWk=\""},{"Name":"ETag","Value":"W/\"Ql4ZapR1jSlOQrjKsU1XrIoTBbh861e6EeEjktOnIpE=\""},{"Name":"Last-Modified","Value":"Sat, 29 Nov 2025 11:51:35 GMT"},{"Name":"Vary","Value":"Content-Encoding"}],"EndpointProperties":[{"Name":"integrity","Value":"sha256-Ql4ZapR1jSlOQrjKsU1XrIoTBbh861e6EeEjktOnIpE="}]},{"Route":"assets/index-lJar0dFH.js","AssetFile":"assets/index-lJar0dFH.js","Selectors":[],"ResponseHeaders":[{"Name":"Accept-Ranges","Value":"bytes"},{"Name":"Cache-Control","Value":"no-cache"},{"Name":"Content-Length","Value":"1095629"},{"Name":"Content-Type","Value":"text/javascript"},{"Name":"ETag","Value":"\"Ql4ZapR1jSlOQrjKsU1XrIoTBbh861e6EeEjktOnIpE=\""},{"Name":"Last-Modified","Value":"Sat, 29 Nov 2025 11:51:06 GMT"}],"EndpointProperties":[{"Name":"integrity","Value":"sha256-Ql4ZapR1jSlOQrjKsU1XrIoTBbh861e6EeEjktOnIpE="}]},{"Route":"assets/index-lJar0dFH.js.br","AssetFile":"assets/index-lJar0dFH.js.br","Selectors":[],"ResponseHeaders":[{"Name":"Accept-Ranges","Value":"bytes"},{"Name":"Cache-Control","Value":"no-cache"},{"Name":"Content-Encoding","Value":"br"},{"Name":"Content-Length","Value":"225019"},{"Name":"Content-Type","Value":"text/javascript"},{"Name":"ETag","Value":"\"UZ6bE4sLd4J55qu9TJTexSQtBIQFG1dc7hl666tiLWk=\""},{"Name":"Last-Modified","Value":"Sat, 29 Nov 2025 11:51:35 GMT"},{"Name":"Vary","Value":"Content-Encoding"}],"EndpointProperties":[{"Name":"integrity","Value":"sha256-UZ6bE4sLd4J55qu9TJTexSQtBIQFG1dc7hl666tiLWk="}]},{"Route":"assets/index-lJar0dFH.js.gz","AssetFile":"assets/index-lJar0dFH.js.gz","Selectors":[],"ResponseHeaders":[{"Name":"Accept-Ranges","Value":"bytes"},{"Name":"Cache-Control","Value":"no-cache"},{"Name":"Content-Encoding","Value":"gzip"},{"Name":"Content-Length","Value":"278155"},{"Name":"Content-Type","Value":"text/javascript"},{"Name":"ETag","Value":"\"CUfJ0DEv17gvO6V1NFtcxPf0GRXQy0hNjDRXiqZEe0U=\""},{"Name":"Last-Modified","Value":"Sat, 29 Nov 2025 11:51:33 GMT"},{"Name":"Vary","Value":"Content-Encoding"}],"EndpointProperties":[{"Name":"integrity","Value":"sha256-CUfJ0DEv17gvO6V1NFtcxPf0GRXQy0hNjDRXiqZEe0U="}]},{"Route":"assets/lmsbox-logo-qt0ZKbFw.8uvberw7b9.png","AssetFile":"assets/lmsbox-logo-qt0ZKbFw.png","Selectors":[],"ResponseHeaders":[{"Name":"Accept-Ranges","Value":"bytes"},{"Name":"Cache-Control","Value":"max-age=31536000, immutable"},{"Name":"Content-Length","Value":"10836"},{"Name":"Content-Type","Value":"image/png"},{"Name":"ETag","Value":"\"ELBsb3hBLqH2+4MY+ymsweZtdfrQxA1+isnHOKmREb4=\""},{"Name":"Last-Modified","Value":"Sat, 29 Nov 2025 11:51:06 GMT"}],"EndpointProperties":[{"Name":"fingerprint","Value":"8uvberw7b9"},{"Name":"integrity","Value":"sha256-ELBsb3hBLqH2+4MY+ymsweZtdfrQxA1+isnHOKmREb4="},{"Name":"label","Value":"assets/lmsbox-logo-qt0ZKbFw.png"}]},{"Route":"assets/lmsbox-logo-qt0ZKbFw.png","AssetFile":"assets/lmsbox-logo-qt0ZKbFw.png","Selectors":[],"ResponseHeaders":[{"Name":"Accept-Ranges","Value":"bytes"},{"Name":"Cache-Control","Value":"no-cache"},{"Name":"Content-Length","Value":"10836"},{"Name":"Content-Type","Value":"image/png"},{"Name":"ETag","Value":"\"ELBsb3hBLqH2+4MY+ymsweZtdfrQxA1+isnHOKmREb4=\""},{"Name":"Last-Modified","Value":"Sat, 29 Nov 2025 11:51:06 GMT"}],"EndpointProperties":[{"Name":"integrity","Value":"sha256-ELBsb3hBLqH2+4MY+ymsweZtdfrQxA1+isnHOKmREb4="}]},{"Route":"assets/lmsbox-logo.8uvberw7b9.png","AssetFile":"assets/lmsbox-logo.png","Selectors":[],"ResponseHeaders":[{"Name":"Accept-Ranges","Value":"bytes"},{"Name":"Cache-Control","Value":"max-age=31536000, immutable"},{"Name":"Content-Length","Value":"10836"},{"Name":"Content-Type","Value":"image/png"},{"Name":"ETag","Value":"\"ELBsb3hBLqH2+4MY+ymsweZtdfrQxA1+isnHOKmREb4=\""},{"Name":"Last-Modified","Value":"Thu, 20 Nov 2025 10:44:30 GMT"}],"EndpointProperties":[{"Name":"fingerprint","Value":"8uvberw7b9"},{"Name":"integrity","Value":"sha256-ELBsb3hBLqH2+4MY+ymsweZtdfrQxA1+isnHOKmREb4="},{"Name":"label","Value":"assets/lmsbox-logo.png"}]},{"Route":"assets/lmsbox-logo.png","AssetFile":"assets/lmsbox-logo.png","Selectors":[],"ResponseHeaders":[{"Name":"Accept-Ranges","Value":"bytes"},{"Name":"Cache-Control","Value":"no-cache"},{"Name":"Content-Length","Value":"10836"},{"Name":"Content-Type","Value":"image/png"},{"Name":"ETag","Value":"\"ELBsb3hBLqH2+4MY+ymsweZtdfrQxA1+isnHOKmREb4=\""},{"Name":"Last-Modified","Value":"Thu, 20 Nov 2025 10:44:30 GMT"}],"EndpointProperties":[{"Name":"integrity","Value":"sha256-ELBsb3hBLqH2+4MY+ymsweZtdfrQxA1+isnHOKmREb4="}]},{"Route":"assets/login-image-Cp_HdFoC.acn9k1a190.png","AssetFile":"assets/login-image-Cp_HdFoC.png","Selectors":[],"ResponseHeaders":[{"Name":"Accept-Ranges","Value":"bytes"},{"Name":"Cache-Control","Value":"max-age=31536000, immutable"},{"Name":"Content-Length","Value":"499365"},{"Name":"Content-Type","Value":"image/png"},{"Name":"ETag","Value":"\"avb/1r1L8ks5z9NOOOgEB2qMNqUj0D8LM49hNcU/5FU=\""},{"Name":"Last-Modified","Value":"Sat, 29 Nov 2025 11:51:06 GMT"}],"EndpointProperties":[{"Name":"fingerprint","Value":"acn9k1a190"},{"Name":"integrity","Value":"sha256-avb/1r1L8ks5z9NOOOgEB2qMNqUj0D8LM49hNcU/5FU="},{"Name":"label","Value":"assets/login-image-Cp_HdFoC.png"}]},{"Route":"assets/login-image-Cp_HdFoC.png","AssetFile":"assets/login-image-Cp_HdFoC.png","Selectors":[],"ResponseHeaders":[{"Name":"Accept-Ranges","Value":"bytes"},{"Name":"Cache-Control","Value":"no-cache"},{"Name":"Content-Length","Value":"499365"},{"Name":"Content-Type","Value":"image/png"},{"Name":"ETag","Value":"\"avb/1r1L8ks5z9NOOOgEB2qMNqUj0D8LM49hNcU/5FU=\""},{"Name":"Last-Modified","Value":"Sat, 29 Nov 2025 11:51:06 GMT"}],"EndpointProperties":[{"Name":"integrity","Value":"sha256-avb/1r1L8ks5z9NOOOgEB2qMNqUj0D8LM49hNcU/5FU="}]},{"Route":"index.46rowmarh1.html","AssetFile":"index.html.gz","Selectors":[{"Name":"Content-Encoding","Value":"gzip","Quality":"0.002267573696"}],"ResponseHeaders":[{"Name":"Accept-Ranges","Value":"bytes"},{"Name":"Cache-Control","Value":"max-age=31536000, immutable"},{"Name":"Content-Encoding","Value":"gzip"},{"Name":"Content-Length","Value":"440"},{"Name":"Content-Type","Value":"text/html"},{"Name":"ETag","Value":"\"lNv+21n3NGLynyZShAmzrrcySYSNDRxCK6I6l/HWJaQ=\""},{"Name":"ETag","Value":"W/\"dMiDyMu4OLHIjWCdV9z/K23as82qPcoi4kp22EViHnk=\""},{"Name":"Last-Modified","Value":"Sat, 29 Nov 2025 11:51:33 GMT"},{"Name":"Vary","Value":"Content-Encoding"}],"EndpointProperties":[{"Name":"fingerprint","Value":"46rowmarh1"},{"Name":"integrity","Value":"sha256-dMiDyMu4OLHIjWCdV9z/K23as82qPcoi4kp22EViHnk="},{"Name":"label","Value":"index.html"}]},{"Route":"index.46rowmarh1.html","AssetFile":"index.html.br","Selectors":[{"Name":"Content-Encoding","Value":"br","Quality":"0.003164556962"}],"ResponseHeaders":[{"Name":"Accept-Ranges","Value":"bytes"},{"Name":"Cache-Control","Value":"max-age=31536000, immutable"},{"Name":"Content-Encoding","Value":"br"},{"Name":"Content-Length","Value":"315"},{"Name":"Content-Type","Value":"text/html"},{"Name":"ETag","Value":"\"DXaBIRhAJr/kCivQ03c+NYRx+NCLdN++cTMG/jf7U3k=\""},{"Name":"ETag","Value":"W/\"dMiDyMu4OLHIjWCdV9z/K23as82qPcoi4kp22EViHnk=\""},{"Name":"Last-Modified","Value":"Sat, 29 Nov 2025 11:51:34 GMT"},{"Name":"Vary","Value":"Content-Encoding"}],"EndpointProperties":[{"Name":"fingerprint","Value":"46rowmarh1"},{"Name":"integrity","Value":"sha256-dMiDyMu4OLHIjWCdV9z/K23as82qPcoi4kp22EViHnk="},{"Name":"label","Value":"index.html"}]},{"Route":"index.46rowmarh1.html","AssetFile":"index.html","Selectors":[],"ResponseHeaders":[{"Name":"Accept-Ranges","Value":"bytes"},{"Name":"Cache-Control","Value":"max-age=31536000, immutable"},{"Name":"Content-Length","Value":"801"},{"Name":"Content-Type","Value":"text/html"},{"Name":"ETag","Value":"\"dMiDyMu4OLHIjWCdV9z/K23as82qPcoi4kp22EViHnk=\""},{"Name":"Last-Modified","Value":"Sat, 29 Nov 2025 11:51:06 GMT"}],"EndpointProperties":[{"Name":"fingerprint","Value":"46rowmarh1"},{"Name":"integrity","Value":"sha256-dMiDyMu4OLHIjWCdV9z/K23as82qPcoi4kp22EViHnk="},{"Name":"label","Value":"index.html"}]},{"Route":"index.46rowmarh1.html.br","AssetFile":"index.html.br","Selectors":[],"ResponseHeaders":[{"Name":"Accept-Ranges","Value":"bytes"},{"Name":"Cache-Control","Value":"max-age=31536000, immutable"},{"Name":"Content-Encoding","Value":"br"},{"Name":"Content-Length","Value":"315"},{"Name":"Content-Type","Value":"text/html"},{"Name":"ETag","Value":"\"DXaBIRhAJr/kCivQ03c+NYRx+NCLdN++cTMG/jf7U3k=\""},{"Name":"Last-Modified","Value":"Sat, 29 Nov 2025 11:51:34 GMT"},{"Name":"Vary","Value":"Content-Encoding"}],"EndpointProperties":[{"Name":"fingerprint","Value":"46rowmarh1"},{"Name":"integrity","Value":"sha256-DXaBIRhAJr/kCivQ03c+NYRx+NCLdN++cTMG/jf7U3k="},{"Name":"label","Value":"index.html.br"}]},{"Route":"index.46rowmarh1.html.gz","AssetFile":"index.html.gz","Selectors":[],"ResponseHeaders":[{"Name":"Accept-Ranges","Value":"bytes"},{"Name":"Cache-Control","Value":"max-age=31536000, immutable"},{"Name":"Content-Encoding","Value":"gzip"},{"Name":"Content-Length","Value":"440"},{"Name":"Content-Type","Value":"text/html"},{"Name":"ETag","Value":"\"lNv+21n3NGLynyZShAmzrrcySYSNDRxCK6I6l/HWJaQ=\""},{"Name":"Last-Modified","Value":"Sat, 29 Nov 2025 11:51:33 GMT"},{"Name":"Vary","Value":"Content-Encoding"}],"EndpointProperties":[{"Name":"fingerprint","Value":"46rowmarh1"},{"Name":"integrity","Value":"sha256-lNv+21n3NGLynyZShAmzrrcySYSNDRxCK6I6l/HWJaQ="},{"Name":"label","Value":"index.html.gz"}]},{"Route":"index.html","AssetFile":"index.html.gz","Selectors":[{"Name":"Content-Encoding","Value":"gzip","Quality":"0.002267573696"}],"ResponseHeaders":[{"Name":"Accept-Ranges","Value":"bytes"},{"Name":"Cache-Control","Value":"no-cache"},{"Name":"Content-Encoding","Value":"gzip"},{"Name":"Content-Length","Value":"440"},{"Name":"Content-Type","Value":"text/html"},{"Name":"ETag","Value":"\"lNv+21n3NGLynyZShAmzrrcySYSNDRxCK6I6l/HWJaQ=\""},{"Name":"ETag","Value":"W/\"dMiDyMu4OLHIjWCdV9z/K23as82qPcoi4kp22EViHnk=\""},{"Name":"Last-Modified","Value":"Sat, 29 Nov 2025 11:51:33 GMT"},{"Name":"Vary","Value":"Content-Encoding"}],"EndpointProperties":[{"Name":"integrity","Value":"sha256-dMiDyMu4OLHIjWCdV9z/K23as82qPcoi4kp22EViHnk="}]},{"Route":"index.html","AssetFile":"index.html.br","Selectors":[{"Name":"Content-Encoding","Value":"br","Quality":"0.003164556962"}],"ResponseHeaders":[{"Name":"Accept-Ranges","Value":"bytes"},{"Name":"Cache-Control","Value":"no-cache"},{"Name":"Content-Encoding","Value":"br"},{"Name":"Content-Length","Value":"315"},{"Name":"Content-Type","Value":"text/html"},{"Name":"ETag","Value":"\"DXaBIRhAJr/kCivQ03c+NYRx+NCLdN++cTMG/jf7U3k=\""},{"Name":"ETag","Value":"W/\"dMiDyMu4OLHIjWCdV9z/K23as82qPcoi4kp22EViHnk=\""},{"Name":"Last-Modified","Value":"Sat, 29 Nov 2025 11:51:34 GMT"},{"Name":"Vary","Value":"Content-Encoding"}],"EndpointProperties":[{"Name":"integrity","Value":"sha256-dMiDyMu4OLHIjWCdV9z/K23as82qPcoi4kp22EViHnk="}]},{"Route":"index.html","AssetFile":"index.html","Selectors":[],"ResponseHeaders":[{"Name":"Accept-Ranges","Value":"bytes"},{"Name":"Cache-Control","Value":"no-cache"},{"Name":"Content-Length","Value":"801"},{"Name":"Content-Type","Value":"text/html"},{"Name":"ETag","Value":"\"dMiDyMu4OLHIjWCdV9z/K23as82qPcoi4kp22EViHnk=\""},{"Name":"Last-Modified","Value":"Sat, 29 Nov 2025 11:51:06 GMT"}],"EndpointProperties":[{"Name":"integrity","Value":"sha256-dMiDyMu4OLHIjWCdV9z/K23as82qPcoi4kp22EViHnk="}]},{"Route":"index.html.br","AssetFile":"index.html.br","Selectors":[],"ResponseHeaders":[{"Name":"Accept-Ranges","Value":"bytes"},{"Name":"Cache-Control","Value":"no-cache"},{"Name":"Content-Encoding","Value":"br"},{"Name":"Content-Length","Value":"315"},{"Name":"Content-Type","Value":"text/html"},{"Name":"ETag","Value":"\"DXaBIRhAJr/kCivQ03c+NYRx+NCLdN++cTMG/jf7U3k=\""},{"Name":"Last-Modified","Value":"Sat, 29 Nov 2025 11:51:34 GMT"},{"Name":"Vary","Value":"Content-Encoding"}],"EndpointProperties":[{"Name":"integrity","Value":"sha256-DXaBIRhAJr/kCivQ03c+NYRx+NCLdN++cTMG/jf7U3k="}]},{"Route":"index.html.gz","AssetFile":"index.html.gz","Selectors":[],"ResponseHeaders":[{"Name":"Accept-Ranges","Value":"bytes"},{"Name":"Cache-Control","Value":"no-cache"},{"Name":"Content-Encoding","Value":"gzip"},{"Name":"Content-Length","Value":"440"},{"Name":"Content-Type","Value":"text/html"},{"Name":"ETag","Value":"\"lNv+21n3NGLynyZShAmzrrcySYSNDRxCK6I6l/HWJaQ=\""},{"Name":"Last-Modified","Value":"Sat, 29 Nov 2025 11:51:33 GMT"},{"Name":"Vary","Value":"Content-Encoding"}],"EndpointProperties":[{"Name":"integrity","Value":"sha256-lNv+21n3NGLynyZShAmzrrcySYSNDRxCK6I6l/HWJaQ="}]},{"Route":"scorm-api.gfr6htyx83.js","AssetFile":"scorm-api.js.gz","Selectors":[{"Name":"Content-Encoding","Value":"gzip","Quality":"0.001074113856"}],"ResponseHeaders":[{"Name":"Accept-Ranges","Value":"bytes"},{"Name":"Cache-Control","Value":"max-age=31536000, immutable"},{"Name":"Content-Encoding","Value":"gzip"},{"Name":"Content-Length","Value":"930"},{"Name":"Content-Type","Value":"text/javascript"},{"Name":"ETag","Value":"\"WHDQVm5laTc5zKoBWeW2Jng8WDwSp2JRL1nCMPPxbC8=\""},{"Name":"ETag","Value":"W/\"pIq4XigsO9Gse8kw/z20oolbWVIOUArWtqz+hTDMrnM=\""},{"Name":"Last-Modified","Value":"Sat, 29 Nov 2025 11:51:33 GMT"},{"Name":"Vary","Value":"Content-Encoding"}],"EndpointProperties":[{"Name":"fingerprint","Value":"gfr6htyx83"},{"Name":"integrity","Value":"sha256-pIq4XigsO9Gse8kw/z20oolbWVIOUArWtqz+hTDMrnM="},{"Name":"label","Value":"scorm-api.js"}]},{"Route":"scorm-api.gfr6htyx83.js","AssetFile":"scorm-api.js.br","Selectors":[{"Name":"Content-Encoding","Value":"br","Quality":"0.001293661061"}],"ResponseHeaders":[{"Name":"Accept-Ranges","Value":"bytes"},{"Name":"Cache-Control","Value":"max-age=31536000, immutable"},{"Name":"Content-Encoding","Value":"br"},{"Name":"Content-Length","Value":"772"},{"Name":"Content-Type","Value":"text/javascript"},{"Name":"ETag","Value":"\"iH0I9QXq2UsGHNmoWnh43ISwmqgZ1VbQ6To8TypZkzA=\""},{"Name":"ETag","Value":"W/\"pIq4XigsO9Gse8kw/z20oolbWVIOUArWtqz+hTDMrnM=\""},{"Name":"Last-Modified","Value":"Sat, 29 Nov 2025 11:51:34 GMT"},{"Name":"Vary","Value":"Content-Encoding"}],"EndpointProperties":[{"Name":"fingerprint","Value":"gfr6htyx83"},{"Name":"integrity","Value":"sha256-pIq4XigsO9Gse8kw/z20oolbWVIOUArWtqz+hTDMrnM="},{"Name":"label","Value":"scorm-api.js"}]},{"Route":"scorm-api.gfr6htyx83.js","AssetFile":"scorm-api.js","Selectors":[],"ResponseHeaders":[{"Name":"Accept-Ranges","Value":"bytes"},{"Name":"Cache-Control","Value":"max-age=31536000, immutable"},{"Name":"Content-Length","Value":"3694"},{"Name":"Content-Type","Value":"text/javascript"},{"Name":"ETag","Value":"\"pIq4XigsO9Gse8kw/z20oolbWVIOUArWtqz+hTDMrnM=\""},{"Name":"Last-Modified","Value":"Wed, 05 Nov 2025 11:04:33 GMT"}],"EndpointProperties":[{"Name":"fingerprint","Value":"gfr6htyx83"},{"Name":"integrity","Value":"sha256-pIq4XigsO9Gse8kw/z20oolbWVIOUArWtqz+hTDMrnM="},{"Name":"label","Value":"scorm-api.js"}]},{"Route":"scorm-api.gfr6htyx83.js.br","AssetFile":"scorm-api.js.br","Selectors":[],"ResponseHeaders":[{"Name":"Accept-Ranges","Value":"bytes"},{"Name":"Cache-Control","Value":"max-age=31536000, immutable"},{"Name":"Content-Encoding","Value":"br"},{"Name":"Content-Length","Value":"772"},{"Name":"Content-Type","Value":"text/javascript"},{"Name":"ETag","Value":"\"iH0I9QXq2UsGHNmoWnh43ISwmqgZ1VbQ6To8TypZkzA=\""},{"Name":"Last-Modified","Value":"Sat, 29 Nov 2025 11:51:34 GMT"},{"Name":"Vary","Value":"Content-Encoding"}],"EndpointProperties":[{"Name":"fingerprint","Value":"gfr6htyx83"},{"Name":"integrity","Value":"sha256-iH0I9QXq2UsGHNmoWnh43ISwmqgZ1VbQ6To8TypZkzA="},{"Name":"label","Value":"scorm-api.js.br"}]},{"Route":"scorm-api.gfr6htyx83.js.gz","AssetFile":"scorm-api.js.gz","Selectors":[],"ResponseHeaders":[{"Name":"Accept-Ranges","Value":"bytes"},{"Name":"Cache-Control","Value":"max-age=31536000, immutable"},{"Name":"Content-Encoding","Value":"gzip"},{"Name":"Content-Length","Value":"930"},{"Name":"Content-Type","Value":"text/javascript"},{"Name":"ETag","Value":"\"WHDQVm5laTc5zKoBWeW2Jng8WDwSp2JRL1nCMPPxbC8=\""},{"Name":"Last-Modified","Value":"Sat, 29 Nov 2025 11:51:33 GMT"},{"Name":"Vary","Value":"Content-Encoding"}],"EndpointProperties":[{"Name":"fingerprint","Value":"gfr6htyx83"},{"Name":"integrity","Value":"sha256-WHDQVm5laTc5zKoBWeW2Jng8WDwSp2JRL1nCMPPxbC8="},{"Name":"label","Value":"scorm-api.js.gz"}]},{"Route":"scorm-api.js","AssetFile":"scorm-api.js.gz","Selectors":[{"Name":"Content-Encoding","Value":"gzip","Quality":"0.001074113856"}],"ResponseHeaders":[{"Name":"Accept-Ranges","Value":"bytes"},{"Name":"Cache-Control","Value":"no-cache"},{"Name":"Content-Encoding","Value":"gzip"},{"Name":"Content-Length","Value":"930"},{"Name":"Content-Type","Value":"text/javascript"},{"Name":"ETag","Value":"\"WHDQVm5laTc5zKoBWeW2Jng8WDwSp2JRL1nCMPPxbC8=\""},{"Name":"ETag","Value":"W/\"pIq4XigsO9Gse8kw/z20oolbWVIOUArWtqz+hTDMrnM=\""},{"Name":"Last-Modified","Value":"Sat, 29 Nov 2025 11:51:33 GMT"},{"Name":"Vary","Value":"Content-Encoding"}],"EndpointProperties":[{"Name":"integrity","Value":"sha256-pIq4XigsO9Gse8kw/z20oolbWVIOUArWtqz+hTDMrnM="}]},{"Route":"scorm-api.js","AssetFile":"scorm-api.js.br","Selectors":[{"Name":"Content-Encoding","Value":"br","Quality":"0.001293661061"}],"ResponseHeaders":[{"Name":"Accept-Ranges","Value":"bytes"},{"Name":"Cache-Control","Value":"no-cache"},{"Name":"Content-Encoding","Value":"br"},{"Name":"Content-Length","Value":"772"},{"Name":"Content-Type","Value":"text/javascript"},{"Name":"ETag","Value":"\"iH0I9QXq2UsGHNmoWnh43ISwmqgZ1VbQ6To8TypZkzA=\""},{"Name":"ETag","Value":"W/\"pIq4XigsO9Gse8kw/z20oolbWVIOUArWtqz+hTDMrnM=\""},{"Name":"Last-Modified","Value":"Sat, 29 Nov 2025 11:51:34 GMT"},{"Name":"Vary","Value":"Content-Encoding"}],"EndpointProperties":[{"Name":"integrity","Value":"sha256-pIq4XigsO9Gse8kw/z20oolbWVIOUArWtqz+hTDMrnM="}]},{"Route":"scorm-api.js","AssetFile":"scorm-api.js","Selectors":[],"ResponseHeaders":[{"Name":"Accept-Ranges","Value":"bytes"},{"Name":"Cache-Control","Value":"no-cache"},{"Name":"Content-Length","Value":"3694"},{"Name":"Content-Type","Value":"text/javascript"},{"Name":"ETag","Value":"\"pIq4XigsO9Gse8kw/z20oolbWVIOUArWtqz+hTDMrnM=\""},{"Name":"Last-Modified","Value":"Wed, 05 Nov 2025 11:04:33 GMT"}],"EndpointProperties":[{"Name":"integrity","Value":"sha256-pIq4XigsO9Gse8kw/z20oolbWVIOUArWtqz+hTDMrnM="}]},{"Route":"scorm-api.js.br","AssetFile":"scorm-api.js.br","Selectors":[],"ResponseHeaders":[{"Name":"Accept-Ranges","Value":"bytes"},{"Name":"Cache-Control","Value":"no-cache"},{"Name":"Content-Encoding","Value":"br"},{"Name":"Content-Length","Value":"772"},{"Name":"Content-Type","Value":"text/javascript"},{"Name":"ETag","Value":"\"iH0I9QXq2UsGHNmoWnh43ISwmqgZ1VbQ6To8TypZkzA=\""},{"Name":"Last-Modified","Value":"Sat, 29 Nov 2025 11:51:34 GMT"},{"Name":"Vary","Value":"Content-Encoding"}],"EndpointProperties":[{"Name":"integrity","Value":"sha256-iH0I9QXq2UsGHNmoWnh43ISwmqgZ1VbQ6To8TypZkzA="}]},{"Route":"scorm-api.js.gz","AssetFile":"scorm-api.js.gz","Selectors":[],"ResponseHeaders":[{"Name":"Accept-Ranges","Value":"bytes"},{"Name":"Cache-Control","Value":"no-cache"},{"Name":"Content-Encoding","Value":"gzip"},{"Name":"Content-Length","Value":"930"},{"Name":"Content-Type","Value":"text/javascript"},{"Name":"ETag","Value":"\"WHDQVm5laTc5zKoBWeW2Jng8WDwSp2JRL1nCMPPxbC8=\""},{"Name":"Last-Modified","Value":"Sat, 29 Nov 2025 11:51:33 GMT"},{"Name":"Vary","Value":"Content-Encoding"}],"EndpointProperties":[{"Name":"integrity","Value":"sha256-WHDQVm5laTc5zKoBWeW2Jng8WDwSp2JRL1nCMPPxbC8="}]},{"Route":"scorm-player.73eybpjleg.css","AssetFile":"scorm-player.css.gz","Selectors":[{"Name":"Content-Encoding","Value":"gzip","Quality":"0.004366812227"}],"ResponseHeaders":[{"Name":"Accept-Ranges","Value":"bytes"},{"Name":"Cache-Control","Value":"max-age=31536000, immutable"},{"Name":"Content-Encoding","Value":"gzip"},{"Name":"Content-Length","Value":"228"},{"Name":"Content-Type","Value":"text/css"},{"Name":"ETag","Value":"\"L7cg7gBkYNAiQ0ylRg1z+hgWjiVZbT+Yi1Iby6iTMiw=\""},{"Name":"ETag","Value":"W/\"09pT3NhrTa9E8u8PbL9HOgFc44OiKDcLVMk58J8S1+8=\""},{"Name":"Last-Modified","Value":"Sat, 29 Nov 2025 11:51:33 GMT"},{"Name":"Vary","Value":"Content-Encoding"}],"EndpointProperties":[{"Name":"fingerprint","Value":"73eybpjleg"},{"Name":"integrity","Value":"sha256-09pT3NhrTa9E8u8PbL9HOgFc44OiKDcLVMk58J8S1+8="},{"Name":"label","Value":"scorm-player.css"}]},{"Route":"scorm-player.73eybpjleg.css","AssetFile":"scorm-player.css.br","Selectors":[{"Name":"Content-Encoding","Value":"br","Quality":"0.007042253521"}],"ResponseHeaders":[{"Name":"Accept-Ranges","Value":"bytes"},{"Name":"Cache-Control","Value":"max-age=31536000, immutable"},{"Name":"Content-Encoding","Value":"br"},{"Name":"Content-Length","Value":"141"},{"Name":"Content-Type","Value":"text/css"},{"Name":"ETag","Value":"\"Li42tNMiL0u1EPwSXba2rk3KlTGsKST8QtmmeTwDuGk=\""},{"Name":"ETag","Value":"W/\"09pT3NhrTa9E8u8PbL9HOgFc44OiKDcLVMk58J8S1+8=\""},{"Name":"Last-Modified","Value":"Sat, 29 Nov 2025 11:51:34 GMT"},{"Name":"Vary","Value":"Content-Encoding"}],"EndpointProperties":[{"Name":"fingerprint","Value":"73eybpjleg"},{"Name":"integrity","Value":"sha256-09pT3NhrTa9E8u8PbL9HOgFc44OiKDcLVMk58J8S1+8="},{"Name":"label","Value":"scorm-player.css"}]},{"Route":"scorm-player.73eybpjleg.css","AssetFile":"scorm-player.css","Selectors":[],"ResponseHeaders":[{"Name":"Accept-Ranges","Value":"bytes"},{"Name":"Cache-Control","Value":"max-age=31536000, immutable"},{"Name":"Content-Length","Value":"377"},{"Name":"Content-Type","Value":"text/css"},{"Name":"ETag","Value":"\"09pT3NhrTa9E8u8PbL9HOgFc44OiKDcLVMk58J8S1+8=\""},{"Name":"Last-Modified","Value":"Sat, 29 Nov 2025 06:55:12 GMT"}],"EndpointProperties":[{"Name":"fingerprint","Value":"73eybpjleg"},{"Name":"integrity","Value":"sha256-09pT3NhrTa9E8u8PbL9HOgFc44OiKDcLVMk58J8S1+8="},{"Name":"label","Value":"scorm-player.css"}]},{"Route":"scorm-player.73eybpjleg.css.br","AssetFile":"scorm-player.css.br","Selectors":[],"ResponseHeaders":[{"Name":"Accept-Ranges","Value":"bytes"},{"Name":"Cache-Control","Value":"max-age=31536000, immutable"},{"Name":"Content-Encoding","Value":"br"},{"Name":"Content-Length","Value":"141"},{"Name":"Content-Type","Value":"text/css"},{"Name":"ETag","Value":"\"Li42tNMiL0u1EPwSXba2rk3KlTGsKST8QtmmeTwDuGk=\""},{"Name":"Last-Modified","Value":"Sat, 29 Nov 2025 11:51:34 GMT"},{"Name":"Vary","Value":"Content-Encoding"}],"EndpointProperties":[{"Name":"fingerprint","Value":"73eybpjleg"},{"Name":"integrity","Value":"sha256-Li42tNMiL0u1EPwSXba2rk3KlTGsKST8QtmmeTwDuGk="},{"Name":"label","Value":"scorm-player.css.br"}]},{"Route":"scorm-player.73eybpjleg.css.gz","AssetFile":"scorm-player.css.gz","Selectors":[],"ResponseHeaders":[{"Name":"Accept-Ranges","Value":"bytes"},{"Name":"Cache-Control","Value":"max-age=31536000, immutable"},{"Name":"Content-Encoding","Value":"gzip"},{"Name":"Content-Length","Value":"228"},{"Name":"Content-Type","Value":"text/css"},{"Name":"ETag","Value":"\"L7cg7gBkYNAiQ0ylRg1z+hgWjiVZbT+Yi1Iby6iTMiw=\""},{"Name":"Last-Modified","Value":"Sat, 29 Nov 2025 11:51:33 GMT"},{"Name":"Vary","Value":"Content-Encoding"}],"EndpointProperties":[{"Name":"fingerprint","Value":"73eybpjleg"},{"Name":"integrity","Value":"sha256-L7cg7gBkYNAiQ0ylRg1z+hgWjiVZbT+Yi1Iby6iTMiw="},{"Name":"label","Value":"scorm-player.css.gz"}]},{"Route":"scorm-player.css","AssetFile":"scorm-player.css.gz","Selectors":[{"Name":"Content-Encoding","Value":"gzip","Quality":"0.004366812227"}],"ResponseHeaders":[{"Name":"Accept-Ranges","Value":"bytes"},{"Name":"Cache-Control","Value":"no-cache"},{"Name":"Content-Encoding","Value":"gzip"},{"Name":"Content-Length","Value":"228"},{"Name":"Content-Type","Value":"text/css"},{"Name":"ETag","Value":"\"L7cg7gBkYNAiQ0ylRg1z+hgWjiVZbT+Yi1Iby6iTMiw=\""},{"Name":"ETag","Value":"W/\"09pT3NhrTa9E8u8PbL9HOgFc44OiKDcLVMk58J8S1+8=\""},{"Name":"Last-Modified","Value":"Sat, 29 Nov 2025 11:51:33 GMT"},{"Name":"Vary","Value":"Content-Encoding"}],"EndpointProperties":[{"Name":"integrity","Value":"sha256-09pT3NhrTa9E8u8PbL9HOgFc44OiKDcLVMk58J8S1+8="}]},{"Route":"scorm-player.css","AssetFile":"scorm-player.css.br","Selectors":[{"Name":"Content-Encoding","Value":"br","Quality":"0.007042253521"}],"ResponseHeaders":[{"Name":"Accept-Ranges","Value":"bytes"},{"Name":"Cache-Control","Value":"no-cache"},{"Name":"Content-Encoding","Value":"br"},{"Name":"Content-Length","Value":"141"},{"Name":"Content-Type","Value":"text/css"},{"Name":"ETag","Value":"\"Li42tNMiL0u1EPwSXba2rk3KlTGsKST8QtmmeTwDuGk=\""},{"Name":"ETag","Value":"W/\"09pT3NhrTa9E8u8PbL9HOgFc44OiKDcLVMk58J8S1+8=\""},{"Name":"Last-Modified","Value":"Sat, 29 Nov 2025 11:51:34 GMT"},{"Name":"Vary","Value":"Content-Encoding"}],"EndpointProperties":[{"Name":"integrity","Value":"sha256-09pT3NhrTa9E8u8PbL9HOgFc44OiKDcLVMk58J8S1+8="}]},{"Route":"scorm-player.css","AssetFile":"scorm-player.css","Selectors":[],"ResponseHeaders":[{"Name":"Accept-Ranges","Value":"bytes"},{"Name":"Cache-Control","Value":"no-cache"},{"Name":"Content-Length","Value":"377"},{"Name":"Content-Type","Value":"text/css"},{"Name":"ETag","Value":"\"09pT3NhrTa9E8u8PbL9HOgFc44OiKDcLVMk58J8S1+8=\""},{"Name":"Last-Modified","Value":"Sat, 29 Nov 2025 06:55:12 GMT"}],"EndpointProperties":[{"Name":"integrity","Value":"sha256-09pT3NhrTa9E8u8PbL9HOgFc44OiKDcLVMk58J8S1+8="}]},{"Route":"scorm-player.css.br","AssetFile":"scorm-player.css.br","Selectors":[],"ResponseHeaders":[{"Name":"Accept-Ranges","Value":"bytes"},{"Name":"Cache-Control","Value":"no-cache"},{"Name":"Content-Encoding","Value":"br"},{"Name":"Content-Length","Value":"141"},{"Name":"Content-Type","Value":"text/css"},{"Name":"ETag","Value":"\"Li42tNMiL0u1EPwSXba2rk3KlTGsKST8QtmmeTwDuGk=\""},{"Name":"Last-Modified","Value":"Sat, 29 Nov 2025 11:51:34 GMT"},{"Name":"Vary","Value":"Content-Encoding"}],"EndpointProperties":[{"Name":"integrity","Value":"sha256-Li42tNMiL0u1EPwSXba2rk3KlTGsKST8QtmmeTwDuGk="}]},{"Route":"scorm-player.css.gz","AssetFile":"scorm-player.css.gz","Selectors":[],"ResponseHeaders":[{"Name":"Accept-Ranges","Value":"bytes"},{"Name":"Cache-Control","Value":"no-cache"},{"Name":"Content-Encoding","Value":"gzip"},{"Name":"Content-Length","Value":"228"},{"Name":"Content-Type","Value":"text/css"},{"Name":"ETag","Value":"\"L7cg7gBkYNAiQ0ylRg1z+hgWjiVZbT+Yi1Iby6iTMiw=\""},{"Name":"Last-Modified","Value":"Sat, 29 Nov 2025 11:51:33 GMT"},{"Name":"Vary","Value":"Content-Encoding"}],"EndpointProperties":[{"Name":"integrity","Value":"sha256-L7cg7gBkYNAiQ0ylRg1z+hgWjiVZbT+Yi1Iby6iTMiw="}]},{"Route":"scorm-player.html","AssetFile":"scorm-player.html.gz","Selectors":[{"Name":"Content-Encoding","Value":"gzip","Quality":"0.003759398496"}],"ResponseHeaders":[{"Name":"Accept-Ranges","Value":"bytes"},{"Name":"Cache-Control","Value":"no-cache"},{"Name":"Content-Encoding","Value":"gzip"},{"Name":"Content-Length","Value":"265"},{"Name":"Content-Type","Value":"text/html"},{"Name":"ETag","Value":"\"xCOIiq34O4+gIrcbiC/cJF0zaVJ8hWXhCYnb7r7YWqQ=\""},{"Name":"ETag","Value":"W/\"yo+6FhvNWkQtKEJU4zgoGNgC9/tpcZeVLtjTrydFLZU=\""},{"Name":"Last-Modified","Value":"Sat, 29 Nov 2025 11:51:33 GMT"},{"Name":"Vary","Value":"Content-Encoding"}],"EndpointProperties":[{"Name":"integrity","Value":"sha256-yo+6FhvNWkQtKEJU4zgoGNgC9/tpcZeVLtjTrydFLZU="}]},{"Route":"scorm-player.html","AssetFile":"scorm-player.html.br","Selectors":[{"Name":"Content-Encoding","Value":"br","Quality":"0.006493506494"}],"ResponseHeaders":[{"Name":"Accept-Ranges","Value":"bytes"},{"Name":"Cache-Control","Value":"no-cache"},{"Name":"Content-Encoding","Value":"br"},{"Name":"Content-Length","Value":"153"},{"Name":"Content-Type","Value":"text/html"},{"Name":"ETag","Value":"\"FxS1LLXf8ASrxXpl9mxozMxBgdMrWTWfJJ44OMvVWJ8=\""},{"Name":"ETag","Value":"W/\"yo+6FhvNWkQtKEJU4zgoGNgC9/tpcZeVLtjTrydFLZU=\""},{"Name":"Last-Modified","Value":"Sat, 29 Nov 2025 11:51:34 GMT"},{"Name":"Vary","Value":"Content-Encoding"}],"EndpointProperties":[{"Name":"integrity","Value":"sha256-yo+6FhvNWkQtKEJU4zgoGNgC9/tpcZeVLtjTrydFLZU="}]},{"Route":"scorm-player.html","AssetFile":"scorm-player.html","Selectors":[],"ResponseHeaders":[{"Name":"Accept-Ranges","Value":"bytes"},{"Name":"Cache-Control","Value":"no-cache"},{"Name":"Content-Length","Value":"412"},{"Name":"Content-Type","Value":"text/html"},{"Name":"ETag","Value":"\"yo+6FhvNWkQtKEJU4zgoGNgC9/tpcZeVLtjTrydFLZU=\""},{"Name":"Last-Modified","Value":"Sat, 29 Nov 2025 06:55:12 GMT"}],"EndpointProperties":[{"Name":"integrity","Value":"sha256-yo+6FhvNWkQtKEJU4zgoGNgC9/tpcZeVLtjTrydFLZU="}]},{"Route":"scorm-player.html.br","AssetFile":"scorm-player.html.br","Selectors":[],"ResponseHeaders":[{"Name":"Accept-Ranges","Value":"bytes"},{"Name":"Cache-Control","Value":"no-cache"},{"Name":"Content-Encoding","Value":"br"},{"Name":"Content-Length","Value":"153"},{"Name":"Content-Type","Value":"text/html"},{"Name":"ETag","Value":"\"FxS1LLXf8ASrxXpl9mxozMxBgdMrWTWfJJ44OMvVWJ8=\""},{"Name":"Last-Modified","Value":"Sat, 29 Nov 2025 11:51:34 GMT"},{"Name":"Vary","Value":"Content-Encoding"}],"EndpointProperties":[{"Name":"integrity","Value":"sha256-FxS1LLXf8ASrxXpl9mxozMxBgdMrWTWfJJ44OMvVWJ8="}]},{"Route":"scorm-player.html.gz","AssetFile":"scorm-player.html.gz","Selectors":[],"ResponseHeaders":[{"Name":"Accept-Ranges","Value":"bytes"},{"Name":"Cache-Control","Value":"no-cache"},{"Name":"Content-Encoding","Value":"gzip"},{"Name":"Content-Length","Value":"265"},{"Name":"Content-Type","Value":"text/html"},{"Name":"ETag","Value":"\"xCOIiq34O4+gIrcbiC/cJF0zaVJ8hWXhCYnb7r7YWqQ=\""},{"Name":"Last-Modified","Value":"Sat, 29 Nov 2025 11:51:33 GMT"},{"Name":"Vary","Value":"Content-Encoding"}],"EndpointProperties":[{"Name":"integrity","Value":"sha256-xCOIiq34O4+gIrcbiC/cJF0zaVJ8hWXhCYnb7r7YWqQ="}]},{"Route":"scorm-player.js","AssetFile":"scorm-player.js.br","Selectors":[{"Name":"Content-Encoding","Value":"br","Quality":"0.000542005420"}],"ResponseHeaders":[{"Name":"Accept-Ranges","Value":"bytes"},{"Name":"Cache-Control","Value":"no-cache"},{"Name":"Content-Encoding","Value":"br"},{"Name":"Content-Length","Value":"1844"},{"Name":"Content-Type","Value":"text/javascript"},{"Name":"ETag","Value":"\"kZNBgMJhBlCFigKU1nAHvKV30whGmA+xuskxtigSG1w=\""},{"Name":"ETag","Value":"W/\"roujXyyY+Lz8Kf2MP93uewV/yQcty8gffJZe06yVjOY=\""},{"Name":"Last-Modified","Value":"Sat, 29 Nov 2025 11:51:34 GMT"},{"Name":"Vary","Value":"Content-Encoding"}],"EndpointProperties":[{"Name":"integrity","Value":"sha256-roujXyyY+Lz8Kf2MP93uewV/yQcty8gffJZe06yVjOY="}]},{"Route":"scorm-player.js","AssetFile":"scorm-player.js.gz","Selectors":[{"Name":"Content-Encoding","Value":"gzip","Quality":"0.000459136823"}],"ResponseHeaders":[{"Name":"Accept-Ranges","Value":"bytes"},{"Name":"Cache-Control","Value":"no-cache"},{"Name":"Content-Encoding","Value":"gzip"},{"Name":"Content-Length","Value":"2177"},{"Name":"Content-Type","Value":"text/javascript"},{"Name":"ETag","Value":"\"nywap7DZih2PYuA0+YDsy/WJXgSdWfHdr+Ca45mHrtI=\""},{"Name":"ETag","Value":"W/\"roujXyyY+Lz8Kf2MP93uewV/yQcty8gffJZe06yVjOY=\""},{"Name":"Last-Modified","Value":"Sat, 29 Nov 2025 11:51:33 GMT"},{"Name":"Vary","Value":"Content-Encoding"}],"EndpointProperties":[{"Name":"integrity","Value":"sha256-roujXyyY+Lz8Kf2MP93uewV/yQcty8gffJZe06yVjOY="}]},{"Route":"scorm-player.js","AssetFile":"scorm-player.js","Selectors":[],"ResponseHeaders":[{"Name":"Accept-Ranges","Value":"bytes"},{"Name":"Cache-Control","Value":"no-cache"},{"Name":"Content-Length","Value":"8699"},{"Name":"Content-Type","Value":"text/javascript"},{"Name":"ETag","Value":"\"roujXyyY+Lz8Kf2MP93uewV/yQcty8gffJZe06yVjOY=\""},{"Name":"Last-Modified","Value":"Sat, 29 Nov 2025 06:55:12 GMT"}],"EndpointProperties":[{"Name":"integrity","Value":"sha256-roujXyyY+Lz8Kf2MP93uewV/yQcty8gffJZe06yVjOY="}]},{"Route":"scorm-player.js.br","AssetFile":"scorm-player.js.br","Selectors":[],"ResponseHeaders":[{"Name":"Accept-Ranges","Value":"bytes"},{"Name":"Cache-Control","Value":"no-cache"},{"Name":"Content-Encoding","Value":"br"},{"Name":"Content-Length","Value":"1844"},{"Name":"Content-Type","Value":"text/javascript"},{"Name":"ETag","Value":"\"kZNBgMJhBlCFigKU1nAHvKV30whGmA+xuskxtigSG1w=\""},{"Name":"Last-Modified","Value":"Sat, 29 Nov 2025 11:51:34 GMT"},{"Name":"Vary","Value":"Content-Encoding"}],"EndpointProperties":[{"Name":"integrity","Value":"sha256-kZNBgMJhBlCFigKU1nAHvKV30whGmA+xuskxtigSG1w="}]},{"Route":"scorm-player.js.gz","AssetFile":"scorm-player.js.gz","Selectors":[],"ResponseHeaders":[{"Name":"Accept-Ranges","Value":"bytes"},{"Name":"Cache-Control","Value":"no-cache"},{"Name":"Content-Encoding","Value":"gzip"},{"Name":"Content-Length","Value":"2177"},{"Name":"Content-Type","Value":"text/javascript"},{"Name":"ETag","Value":"\"nywap7DZih2PYuA0+YDsy/WJXgSdWfHdr+Ca45mHrtI=\""},{"Name":"Last-Modified","Value":"Sat, 29 Nov 2025 11:51:33 GMT"},{"Name":"Vary","Value":"Content-Encoding"}],"EndpointProperties":[{"Name":"integrity","Value":"sha256-nywap7DZih2PYuA0+YDsy/WJXgSdWfHdr+Ca45mHrtI="}]},{"Route":"scorm-player.y61r9iedhp.html","AssetFile":"scorm-player.html.gz","Selectors":[{"Name":"Content-Encoding","Value":"gzip","Quality":"0.003759398496"}],"ResponseHeaders":[{"Name":"Accept-Ranges","Value":"bytes"},{"Name":"Cache-Control","Value":"max-age=31536000, immutable"},{"Name":"Content-Encoding","Value":"gzip"},{"Name":"Content-Length","Value":"265"},{"Name":"Content-Type","Value":"text/html"},{"Name":"ETag","Value":"\"xCOIiq34O4+gIrcbiC/cJF0zaVJ8hWXhCYnb7r7YWqQ=\""},{"Name":"ETag","Value":"W/\"yo+6FhvNWkQtKEJU4zgoGNgC9/tpcZeVLtjTrydFLZU=\""},{"Name":"Last-Modified","Value":"Sat, 29 Nov 2025 11:51:33 GMT"},{"Name":"Vary","Value":"Content-Encoding"}],"EndpointProperties":[{"Name":"fingerprint","Value":"y61r9iedhp"},{"Name":"integrity","Value":"sha256-yo+6FhvNWkQtKEJU4zgoGNgC9/tpcZeVLtjTrydFLZU="},{"Name":"label","Value":"scorm-player.html"}]},{"Route":"scorm-player.y61r9iedhp.html","AssetFile":"scorm-player.html.br","Selectors":[{"Name":"Content-Encoding","Value":"br","Quality":"0.006493506494"}],"ResponseHeaders":[{"Name":"Accept-Ranges","Value":"bytes"},{"Name":"Cache-Control","Value":"max-age=31536000, immutable"},{"Name":"Content-Encoding","Value":"br"},{"Name":"Content-Length","Value":"153"},{"Name":"Content-Type","Value":"text/html"},{"Name":"ETag","Value":"\"FxS1LLXf8ASrxXpl9mxozMxBgdMrWTWfJJ44OMvVWJ8=\""},{"Name":"ETag","Value":"W/\"yo+6FhvNWkQtKEJU4zgoGNgC9/tpcZeVLtjTrydFLZU=\""},{"Name":"Last-Modified","Value":"Sat, 29 Nov 2025 11:51:34 GMT"},{"Name":"Vary","Value":"Content-Encoding"}],"EndpointProperties":[{"Name":"fingerprint","Value":"y61r9iedhp"},{"Name":"integrity","Value":"sha256-yo+6FhvNWkQtKEJU4zgoGNgC9/tpcZeVLtjTrydFLZU="},{"Name":"label","Value":"scorm-player.html"}]},{"Route":"scorm-player.y61r9iedhp.html","AssetFile":"scorm-player.html","Selectors":[],"ResponseHeaders":[{"Name":"Accept-Ranges","Value":"bytes"},{"Name":"Cache-Control","Value":"max-age=31536000, immutable"},{"Name":"Content-Length","Value":"412"},{"Name":"Content-Type","Value":"text/html"},{"Name":"ETag","Value":"\"yo+6FhvNWkQtKEJU4zgoGNgC9/tpcZeVLtjTrydFLZU=\""},{"Name":"Last-Modified","Value":"Sat, 29 Nov 2025 06:55:12 GMT"}],"EndpointProperties":[{"Name":"fingerprint","Value":"y61r9iedhp"},{"Name":"integrity","Value":"sha256-yo+6FhvNWkQtKEJU4zgoGNgC9/tpcZeVLtjTrydFLZU="},{"Name":"label","Value":"scorm-player.html"}]},{"Route":"scorm-player.y61r9iedhp.html.br","AssetFile":"scorm-player.html.br","Selectors":[],"ResponseHeaders":[{"Name":"Accept-Ranges","Value":"bytes"},{"Name":"Cache-Control","Value":"max-age=31536000, immutable"},{"Name":"Content-Encoding","Value":"br"},{"Name":"Content-Length","Value":"153"},{"Name":"Content-Type","Value":"text/html"},{"Name":"ETag","Value":"\"FxS1LLXf8ASrxXpl9mxozMxBgdMrWTWfJJ44OMvVWJ8=\""},{"Name":"Last-Modified","Value":"Sat, 29 Nov 2025 11:51:34 GMT"},{"Name":"Vary","Value":"Content-Encoding"}],"EndpointProperties":[{"Name":"fingerprint","Value":"y61r9iedhp"},{"Name":"integrity","Value":"sha256-FxS1LLXf8ASrxXpl9mxozMxBgdMrWTWfJJ44OMvVWJ8="},{"Name":"label","Value":"scorm-player.html.br"}]},{"Route":"scorm-player.y61r9iedhp.html.gz","AssetFile":"scorm-player.html.gz","Selectors":[],"ResponseHeaders":[{"Name":"Accept-Ranges","Value":"bytes"},{"Name":"Cache-Control","Value":"max-age=31536000, immutable"},{"Name":"Content-Encoding","Value":"gzip"},{"Name":"Content-Length","Value":"265"},{"Name":"Content-Type","Value":"text/html"},{"Name":"ETag","Value":"\"xCOIiq34O4+gIrcbiC/cJF0zaVJ8hWXhCYnb7r7YWqQ=\""},{"Name":"Last-Modified","Value":"Sat, 29 Nov 2025 11:51:33 GMT"},{"Name":"Vary","Value":"Content-Encoding"}],"EndpointProperties":[{"Name":"fingerprint","Value":"y61r9iedhp"},{"Name":"integrity","Value":"sha256-xCOIiq34O4+gIrcbiC/cJF0zaVJ8hWXhCYnb7r7YWqQ="},{"Name":"label","Value":"scorm-player.html.gz"}]},{"Route":"scorm-player.ys0h6o73n7.js","AssetFile":"scorm-player.js.br","Selectors":[{"Name":"Content-Encoding","Value":"br","Quality":"0.000542005420"}],"ResponseHeaders":[{"Name":"Accept-Ranges","Value":"bytes"},{"Name":"Cache-Control","Value":"max-age=31536000, immutable"},{"Name":"Content-Encoding","Value":"br"},{"Name":"Content-Length","Value":"1844"},{"Name":"Content-Type","Value":"text/javascript"},{"Name":"ETag","Value":"\"kZNBgMJhBlCFigKU1nAHvKV30whGmA+xuskxtigSG1w=\""},{"Name":"ETag","Value":"W/\"roujXyyY+Lz8Kf2MP93uewV/yQcty8gffJZe06yVjOY=\""},{"Name":"Last-Modified","Value":"Sat, 29 Nov 2025 11:51:34 GMT"},{"Name":"Vary","Value":"Content-Encoding"}],"EndpointProperties":[{"Name":"fingerprint","Value":"ys0h6o73n7"},{"Name":"integrity","Value":"sha256-roujXyyY+Lz8Kf2MP93uewV/yQcty8gffJZe06yVjOY="},{"Name":"label","Value":"scorm-player.js"}]},{"Route":"scorm-player.ys0h6o73n7.js","AssetFile":"scorm-player.js.gz","Selectors":[{"Name":"Content-Encoding","Value":"gzip","Quality":"0.000459136823"}],"ResponseHeaders":[{"Name":"Accept-Ranges","Value":"bytes"},{"Name":"Cache-Control","Value":"max-age=31536000, immutable"},{"Name":"Content-Encoding","Value":"gzip"},{"Name":"Content-Length","Value":"2177"},{"Name":"Content-Type","Value":"text/javascript"},{"Name":"ETag","Value":"\"nywap7DZih2PYuA0+YDsy/WJXgSdWfHdr+Ca45mHrtI=\""},{"Name":"ETag","Value":"W/\"roujXyyY+Lz8Kf2MP93uewV/yQcty8gffJZe06yVjOY=\""},{"Name":"Last-Modified","Value":"Sat, 29 Nov 2025 11:51:33 GMT"},{"Name":"Vary","Value":"Content-Encoding"}],"EndpointProperties":[{"Name":"fingerprint","Value":"ys0h6o73n7"},{"Name":"integrity","Value":"sha256-roujXyyY+Lz8Kf2MP93uewV/yQcty8gffJZe06yVjOY="},{"Name":"label","Value":"scorm-player.js"}]},{"Route":"scorm-player.ys0h6o73n7.js","AssetFile":"scorm-player.js","Selectors":[],"ResponseHeaders":[{"Name":"Accept-Ranges","Value":"bytes"},{"Name":"Cache-Control","Value":"max-age=31536000, immutable"},{"Name":"Content-Length","Value":"8699"},{"Name":"Content-Type","Value":"text/javascript"},{"Name":"ETag","Value":"\"roujXyyY+Lz8Kf2MP93uewV/yQcty8gffJZe06yVjOY=\""},{"Name":"Last-Modified","Value":"Sat, 29 Nov 2025 06:55:12 GMT"}],"EndpointProperties":[{"Name":"fingerprint","Value":"ys0h6o73n7"},{"Name":"integrity","Value":"sha256-roujXyyY+Lz8Kf2MP93uewV/yQcty8gffJZe06yVjOY="},{"Name":"label","Value":"scorm-player.js"}]},{"Route":"scorm-player.ys0h6o73n7.js.br","AssetFile":"scorm-player.js.br","Selectors":[],"ResponseHeaders":[{"Name":"Accept-Ranges","Value":"bytes"},{"Name":"Cache-Control","Value":"max-age=31536000, immutable"},{"Name":"Content-Encoding","Value":"br"},{"Name":"Content-Length","Value":"1844"},{"Name":"Content-Type","Value":"text/javascript"},{"Name":"ETag","Value":"\"kZNBgMJhBlCFigKU1nAHvKV30whGmA+xuskxtigSG1w=\""},{"Name":"Last-Modified","Value":"Sat, 29 Nov 2025 11:51:34 GMT"},{"Name":"Vary","Value":"Content-Encoding"}],"EndpointProperties":[{"Name":"fingerprint","Value":"ys0h6o73n7"},{"Name":"integrity","Value":"sha256-kZNBgMJhBlCFigKU1nAHvKV30whGmA+xuskxtigSG1w="},{"Name":"label","Value":"scorm-player.js.br"}]},{"Route":"scorm-player.ys0h6o73n7.js.gz","AssetFile":"scorm-player.js.gz","Selectors":[],"ResponseHeaders":[{"Name":"Accept-Ranges","Value":"bytes"},{"Name":"Cache-Control","Value":"max-age=31536000, immutable"},{"Name":"Content-Encoding","Value":"gzip"},{"Name":"Content-Length","Value":"2177"},{"Name":"Content-Type","Value":"text/javascript"},{"Name":"ETag","Value":"\"nywap7DZih2PYuA0+YDsy/WJXgSdWfHdr+Ca45mHrtI=\""},{"Name":"Last-Modified","Value":"Sat, 29 Nov 2025 11:51:33 GMT"},{"Name":"Vary","Value":"Content-Encoding"}],"EndpointProperties":[{"Name":"fingerprint","Value":"ys0h6o73n7"},{"Name":"integrity","Value":"sha256-nywap7DZih2PYuA0+YDsy/WJXgSdWfHdr+Ca45mHrtI="},{"Name":"label","Value":"scorm-player.js.gz"}]},{"Route":"vite.69kjnsiwqx.svg","AssetFile":"vite.svg.gz","Selectors":[{"Name":"Content-Encoding","Value":"gzip","Quality":"0.001288659794"}],"ResponseHeaders":[{"Name":"Accept-Ranges","Value":"bytes"},{"Name":"Cache-Control","Value":"max-age=31536000, immutable"},{"Name":"Content-Encoding","Value":"gzip"},{"Name":"Content-Length","Value":"775"},{"Name":"Content-Type","Value":"image/svg+xml"},{"Name":"ETag","Value":"\"XQkDcax/ToCYcNsBDmzd6VCkok+CNLm2INPe95PRPSM=\""},{"Name":"ETag","Value":"W/\"SnSK/UQ5GLsWWRyDTEAdrjPoeGGrXbrQgRw6O0qSFPs=\""},{"Name":"Last-Modified","Value":"Sat, 29 Nov 2025 11:51:33 GMT"},{"Name":"Vary","Value":"Content-Encoding"}],"EndpointProperties":[{"Name":"fingerprint","Value":"69kjnsiwqx"},{"Name":"integrity","Value":"sha256-SnSK/UQ5GLsWWRyDTEAdrjPoeGGrXbrQgRw6O0qSFPs="},{"Name":"label","Value":"vite.svg"}]},{"Route":"vite.69kjnsiwqx.svg","AssetFile":"vite.svg.br","Selectors":[{"Name":"Content-Encoding","Value":"br","Quality":"0.001485884101"}],"ResponseHeaders":[{"Name":"Accept-Ranges","Value":"bytes"},{"Name":"Cache-Control","Value":"max-age=31536000, immutable"},{"Name":"Content-Encoding","Value":"br"},{"Name":"Content-Length","Value":"672"},{"Name":"Content-Type","Value":"image/svg+xml"},{"Name":"ETag","Value":"\"ojgkTRs8O5BbJRvhn48R73h+4WBGEeBhXbrIrIbtbX0=\""},{"Name":"ETag","Value":"W/\"SnSK/UQ5GLsWWRyDTEAdrjPoeGGrXbrQgRw6O0qSFPs=\""},{"Name":"Last-Modified","Value":"Sat, 29 Nov 2025 11:51:34 GMT"},{"Name":"Vary","Value":"Content-Encoding"}],"EndpointProperties":[{"Name":"fingerprint","Value":"69kjnsiwqx"},{"Name":"integrity","Value":"sha256-SnSK/UQ5GLsWWRyDTEAdrjPoeGGrXbrQgRw6O0qSFPs="},{"Name":"label","Value":"vite.svg"}]},{"Route":"vite.69kjnsiwqx.svg","AssetFile":"vite.svg","Selectors":[],"ResponseHeaders":[{"Name":"Accept-Ranges","Value":"bytes"},{"Name":"Cache-Control","Value":"max-age=31536000, immutable"},{"Name":"Content-Length","Value":"1497"},{"Name":"Content-Type","Value":"image/svg+xml"},{"Name":"ETag","Value":"\"SnSK/UQ5GLsWWRyDTEAdrjPoeGGrXbrQgRw6O0qSFPs=\""},{"Name":"Last-Modified","Value":"Mon, 27 Oct 2025 05:35:36 GMT"}],"EndpointProperties":[{"Name":"fingerprint","Value":"69kjnsiwqx"},{"Name":"integrity","Value":"sha256-SnSK/UQ5GLsWWRyDTEAdrjPoeGGrXbrQgRw6O0qSFPs="},{"Name":"label","Value":"vite.svg"}]},{"Route":"vite.69kjnsiwqx.svg.br","AssetFile":"vite.svg.br","Selectors":[],"ResponseHeaders":[{"Name":"Accept-Ranges","Value":"bytes"},{"Name":"Cache-Control","Value":"max-age=31536000, immutable"},{"Name":"Content-Encoding","Value":"br"},{"Name":"Content-Length","Value":"672"},{"Name":"Content-Type","Value":"image/svg+xml"},{"Name":"ETag","Value":"\"ojgkTRs8O5BbJRvhn48R73h+4WBGEeBhXbrIrIbtbX0=\""},{"Name":"Last-Modified","Value":"Sat, 29 Nov 2025 11:51:34 GMT"},{"Name":"Vary","Value":"Content-Encoding"}],"EndpointProperties":[{"Name":"fingerprint","Value":"69kjnsiwqx"},{"Name":"integrity","Value":"sha256-ojgkTRs8O5BbJRvhn48R73h+4WBGEeBhXbrIrIbtbX0="},{"Name":"label","Value":"vite.svg.br"}]},{"Route":"vite.69kjnsiwqx.svg.gz","AssetFile":"vite.svg.gz","Selectors":[],"ResponseHeaders":[{"Name":"Accept-Ranges","Value":"bytes"},{"Name":"Cache-Control","Value":"max-age=31536000, immutable"},{"Name":"Content-Encoding","Value":"gzip"},{"Name":"Content-Length","Value":"775"},{"Name":"Content-Type","Value":"image/svg+xml"},{"Name":"ETag","Value":"\"XQkDcax/ToCYcNsBDmzd6VCkok+CNLm2INPe95PRPSM=\""},{"Name":"Last-Modified","Value":"Sat, 29 Nov 2025 11:51:33 GMT"},{"Name":"Vary","Value":"Content-Encoding"}],"EndpointProperties":[{"Name":"fingerprint","Value":"69kjnsiwqx"},{"Name":"integrity","Value":"sha256-XQkDcax/ToCYcNsBDmzd6VCkok+CNLm2INPe95PRPSM="},{"Name":"label","Value":"vite.svg.gz"}]},{"Route":"vite.svg","AssetFile":"vite.svg.gz","Selectors":[{"Name":"Content-Encoding","Value":"gzip","Quality":"0.001288659794"}],"ResponseHeaders":[{"Name":"Accept-Ranges","Value":"bytes"},{"Name":"Cache-Control","Value":"no-cache"},{"Name":"Content-Encoding","Value":"gzip"},{"Name":"Content-Length","Value":"775"},{"Name":"Content-Type","Value":"image/svg+xml"},{"Name":"ETag","Value":"\"XQkDcax/ToCYcNsBDmzd6VCkok+CNLm2INPe95PRPSM=\""},{"Name":"ETag","Value":"W/\"SnSK/UQ5GLsWWRyDTEAdrjPoeGGrXbrQgRw6O0qSFPs=\""},{"Name":"Last-Modified","Value":"Sat, 29 Nov 2025 11:51:33 GMT"},{"Name":"Vary","Value":"Content-Encoding"}],"EndpointProperties":[{"Name":"integrity","Value":"sha256-SnSK/UQ5GLsWWRyDTEAdrjPoeGGrXbrQgRw6O0qSFPs="}]},{"Route":"vite.svg","AssetFile":"vite.svg.br","Selectors":[{"Name":"Content-Encoding","Value":"br","Quality":"0.001485884101"}],"ResponseHeaders":[{"Name":"Accept-Ranges","Value":"bytes"},{"Name":"Cache-Control","Value":"no-cache"},{"Name":"Content-Encoding","Value":"br"},{"Name":"Content-Length","Value":"672"},{"Name":"Content-Type","Value":"image/svg+xml"},{"Name":"ETag","Value":"\"ojgkTRs8O5BbJRvhn48R73h+4WBGEeBhXbrIrIbtbX0=\""},{"Name":"ETag","Value":"W/\"SnSK/UQ5GLsWWRyDTEAdrjPoeGGrXbrQgRw6O0qSFPs=\""},{"Name":"Last-Modified","Value":"Sat, 29 Nov 2025 11:51:34 GMT"},{"Name":"Vary","Value":"Content-Encoding"}],"EndpointProperties":[{"Name":"integrity","Value":"sha256-SnSK/UQ5GLsWWRyDTEAdrjPoeGGrXbrQgRw6O0qSFPs="}]},{"Route":"vite.svg","AssetFile":"vite.svg","Selectors":[],"ResponseHeaders":[{"Name":"Accept-Ranges","Value":"bytes"},{"Name":"Cache-Control","Value":"no-cache"},{"Name":"Content-Length","Value":"1497"},{"Name":"Content-Type","Value":"image/svg+xml"},{"Name":"ETag","Value":"\"SnSK/UQ5GLsWWRyDTEAdrjPoeGGrXbrQgRw6O0qSFPs=\""},{"Name":"Last-Modified","Value":"Mon, 27 Oct 2025 05:35:36 GMT"}],"EndpointProperties":[{"Name":"integrity","Value":"sha256-SnSK/UQ5GLsWWRyDTEAdrjPoeGGrXbrQgRw6O0qSFPs="}]},{"Route":"vite.svg.br","AssetFile":"vite.svg.br","Selectors":[],"ResponseHeaders":[{"Name":"Accept-Ranges","Value":"bytes"},{"Name":"Cache-Control","Value":"no-cache"},{"Name":"Content-Encoding","Value":"br"},{"Name":"Content-Length","Value":"672"},{"Name":"Content-Type","Value":"image/svg+xml"},{"Name":"ETag","Value":"\"ojgkTRs8O5BbJRvhn48R73h+4WBGEeBhXbrIrIbtbX0=\""},{"Name":"Last-Modified","Value":"Sat, 29 Nov 2025 11:51:34 GMT"},{"Name":"Vary","Value":"Content-Encoding"}],"EndpointProperties":[{"Name":"integrity","Value":"sha256-ojgkTRs8O5BbJRvhn48R73h+4WBGEeBhXbrIrIbtbX0="}]},{"Route":"vite.svg.gz","AssetFile":"vite.svg.gz","Selectors":[],"ResponseHeaders":[{"Name":"Accept-Ranges","Value":"bytes"},{"Name":"Cache-Control","Value":"no-cache"},{"Name":"Content-Encoding","Value":"gzip"},{"Name":"Content-Length","Value":"775"},{"Name":"Content-Type","Value":"image/svg+xml"},{"Name":"ETag","Value":"\"XQkDcax/ToCYcNsBDmzd6VCkok+CNLm2INPe95PRPSM=\""},{"Name":"Last-Modified","Value":"Sat, 29 Nov 2025 11:51:33 GMT"},{"Name":"Vary","Value":"Content-Encoding"}],"EndpointProperties":[{"Name":"integrity","Value":"sha256-XQkDcax/ToCYcNsBDmzd6VCkok+CNLm2INPe95PRPSM="}]}]}